recipe_file	title	ingredient_lines	subsections
0035-vegetable-broth-base.yaml	Vegetable Broth Base	8	0
0038-leafy-green-salad-with-red-wine-vinaigrette.yaml	Leafy Green Salad with Red Wine Vinaigrette	5	0
0039-spicy-salad-with-mustard-and-balsamic-vinaigrette.yaml	Spicy Salad with Mustard and Balsamic Vinaigrette	7	0
0051-chopped-carrot-salad-with-fennel-orange-and-hazelnuts.yaml	Chopped Carrot Salad with Fennel, Orange, and Hazelnuts	9	3
0113-sauteed-chicken-cutlets.yaml	Sautéed Chicken Cutlets	3	3
0177-classic-cranberry-sauce.yaml	Classic Cranberry Sauce	4	0
0184-restaurant-style-herb-sauce-for-pan-seared-steaks.yaml	Restaurant-Style Herb Sauce for Pan-Seared Steaks	10	3
0274-pan-roasted-thick-cut-fish-fillets.yaml	Pan-Roasted Thick-Cut Fish Fillets	5	0
0278-pan-seared-shrimp.yaml	Pan-Seared Shrimp	5	3
0298-classic-tuna-salad.yaml	Classic Tuna Salad	11	3
0329-quick-tomato-sauce.yaml	Quick Tomato Sauce	10	0
0471-cheesy-nachos-with-guacamole-and-salsa.yaml	Cheesy Nachos with Guacamole and Salsa	8	1
0471-classic-guacamole.yaml	Classic Guacamole	7	0
0665-broiled-asparagus.yaml	Broiled Asparagus	3	0
0671-quick-roasted-baby-carrots.yaml	Quick Roasted Baby Carrots	3	0
0681-blanched-green-beans.yaml	Blanched Green Beans	2	2
0706-platanos-maduros-fried-sweet-plantains.yaml	Plátanos Maduros (Fried Sweet Plantains)	3	0
0714-simple-couscous.yaml	Simple Couscous	5	4
0715-simple-israeli-couscous.yaml	Simple Israeli Couscous	4	2
0717-simple-farro.yaml	Simple Farro	2	2
0733-oven-fried-bacon.yaml	Oven-Fried Bacon	1	0
0778-mexican-hot-chocolate.yaml	Mexican Hot Chocolate	10	0
1071-watermelon-salad-with-cotija-and-serrano-chiles.yaml	Watermelon Salad with Cotija and Serrano Chiles	9	2
1073-wheat-berry-salad-with-radicchio-dried-cherries-and-pecans.yaml	Wheat Berry Salad with Radicchio, Dried Cherries, and Pecans	11	0
1155-champagne-cocktail.yaml	Champagne Cocktail	4	3
1189-bruschetta-with-artichoke-hearts-and-parmesan.yaml	Bruschetta with Artichoke Hearts and Parmesan	9	1
